Compound_ID,SMILES,Solvent_1,Solvent_2,Ratio_1,Ratio_2,Rf,State
Naphthalene,c1ccc2ccccc2c1,Hexane,AcOEt,20,1,0.62,neutral
Naphthalene,c1ccc2ccccc2c1,Hexane,AcOEt,10,1,0.78,neutral
Naphthalene,c1ccc2ccccc2c1,Hexane,AcOEt,5,1,0.88,neutral
Anisole,COc1ccccc1,Hexane,AcOEt,20,1,0.50,neutral
Anisole,COc1ccccc1,Hexane,AcOEt,10,1,0.68,neutral
Anisole,COc1ccccc1,Hexane,AcOEt,5,1,0.80,neutral
MethylBenzoate,COC(=O)c1ccccc1,Hexane,AcOEt,10,1,0.45,neutral
MethylBenzoate,COC(=O)c1ccccc1,Hexane,AcOEt,5,1,0.60,neutral
MethylBenzoate,COC(=O)c1ccccc1,Hexane,AcOEt,2,1,0.78,neutral
Benzophenone,O=C(c1ccccc1)c1ccccc1,Hexane,AcOEt,10,1,0.33,neutral
Benzophenone,O=C(c1ccccc1)c1ccccc1,Hexane,AcOEt,5,1,0.48,neutral
Benzophenone,O=C(c1ccccc1)c1ccccc1,Hexane,AcOEt,2,1,0.68,neutral
BenzylAlcohol,OCc1ccccc1,Hexane,AcOEt,5,1,0.18,neutral
BenzylAlcohol,OCc1ccccc1,Hexane,AcOEt,2,1,0.34,neutral
BenzylAlcohol,OCc1ccccc1,Hexane,AcOEt,1,1,0.52,neutral
Acetanilide,CC(=O)Nc1ccccc1,Hexane,AcOEt,2,1,0.15,neutral
Acetanilide,CC(=O)Nc1ccccc1,Hexane,AcOEt,1,1,0.28,neutral
Acetanilide,CC(=O)Nc1ccccc1,Hexane,AcOEt,1,2,0.43,neutral
Vanillin,COc1cc(C=O)ccc1O,Hexane,AcOEt,2,1,0.26,neutral
Vanillin,COc1cc(C=O)ccc1O,Hexane,AcOEt,1,1,0.40,neutral
Vanillin,COc1cc(C=O)ccc1O,Hexane,AcOEt,1,2,0.55,neutral
Benzamide,NC(=O)c1ccccc1,CHCl3,MeOH,30,1,0.22,neutral
Benzamide,NC(=O)c1ccccc1,CHCl3,MeOH,15,1,0.33,neutral
Benzamide,NC(=O)c1ccccc1,CHCl3,MeOH,8,1,0.48,neutral
Caffeine,Cn1cnc2c1c(=O)n(C)c(=O)n2C,CHCl3,MeOH,30,1,0.25,neutral
Caffeine,Cn1cnc2c1c(=O)n(C)c(=O)n2C,CHCl3,MeOH,15,1,0.38,neutral
Caffeine,Cn1cnc2c1c(=O)n(C)c(=O)n2C,CHCl3,MeOH,8,1,0.55,neutral
Phenacetin,CCOc1ccc(NC(C)=O)cc1,CHCl3,MeOH,30,1,0.30,neutral
Phenacetin,CCOc1ccc(NC(C)=O)cc1,CHCl3,MeOH,15,1,0.44,neutral
Phenacetin,CCOc1ccc(NC(C)=O)cc1,CHCl3,MeOH,8,1,0.60,neutral
Aspirin,CC(=O)Oc1ccccc1C(=O)O,CHCl3,MeOH,30,1,0.12,acid
Aspirin,CC(=O)Oc1ccccc1C(=O)O,CHCl3,MeOH,15,1,0.22,acid
Aspirin,CC(=O)Oc1ccccc1C(=O)O,CHCl3,MeOH,8,1,0.36,acid
Ibuprofen,CC(C)Cc1ccc(cc1)C(C)C(=O)O,CHCl3,MeOH,30,1,0.40,acid
Ibuprofen,CC(C)Cc1ccc(cc1)C(C)C(=O)O,CHCl3,MeOH,15,1,0.55,acid
Ibuprofen,CC(C)Cc1ccc(cc1)C(C)C(=O)O,CHCl3,MeOH,8,1,0.70,acid
